{
  "OrangeLive-5" : {
    "transaction" : "OrangeLive-5",
    "sampleCount" : 35,
    "errorCount" : 0,
    "errorPct" : 0.0,
    "meanResTime" : 5140.057142857144,
    "medianResTime" : 4508.0,
    "minResTime" : 1665.0,
    "maxResTime" : 12734.0,
    "pct1ResTime" : 10609.8,
    "pct2ResTime" : 11933.199999999995,
    "pct3ResTime" : 12734.0,
    "throughput" : 0.700308135579655,
    "receivedKBytesPerSec" : 793.6412920122353,
    "sentKBytesPerSec" : 0.4164918501640722
  },
  "OrangeLive-6" : {
    "transaction" : "OrangeLive-6",
    "sampleCount" : 35,
    "errorCount" : 0,
    "errorPct" : 0.0,
    "meanResTime" : 5688.5999999999985,
    "medianResTime" : 4407.0,
    "minResTime" : 1506.0,
    "maxResTime" : 13016.0,
    "pct1ResTime" : 11706.199999999999,
    "pct2ResTime" : 12758.399999999998,
    "pct3ResTime" : 13016.0,
    "throughput" : 0.6963788300835655,
    "receivedKBytesPerSec" : 992.6308974582173,
    "sentKBytesPerSec" : 0.40735441330083566
  },
  "OrangeLive-3" : {
    "transaction" : "OrangeLive-3",
    "sampleCount" : 35,
    "errorCount" : 0,
    "errorPct" : 0.0,
    "meanResTime" : 3430.371428571429,
    "medianResTime" : 2257.0,
    "minResTime" : 996.0,
    "maxResTime" : 11266.0,
    "pct1ResTime" : 7851.799999999999,
    "pct2ResTime" : 9265.999999999989,
    "pct3ResTime" : 11266.0,
    "throughput" : 0.7062146892655368,
    "receivedKBytesPerSec" : 360.2108712923729,
    "sentKBytesPerSec" : 0.42138396009887
  },
  "OrangeLive" : {
    "transaction" : "OrangeLive",
    "sampleCount" : 35,
    "errorCount" : 0,
    "errorPct" : 0.0,
    "meanResTime" : 7838.285714285715,
    "medianResTime" : 7517.0,
    "minResTime" : 2950.0,
    "maxResTime" : 14119.0,
    "pct1ResTime" : 13612.8,
    "pct2ResTime" : 13999.8,
    "pct3ResTime" : 14119.0,
    "throughput" : 0.6827936012485368,
    "receivedKBytesPerSec" : 2426.242497652897,
    "sentKBytesPerSec" : 2.7171718018435427
  },
  "OrangeLive-4" : {
    "transaction" : "OrangeLive-4",
    "sampleCount" : 35,
    "errorCount" : 0,
    "errorPct" : 0.0,
    "meanResTime" : 2862.3142857142857,
    "medianResTime" : 2077.0,
    "minResTime" : 1192.0,
    "maxResTime" : 8470.0,
    "pct1ResTime" : 5538.399999999995,
    "pct2ResTime" : 8072.399999999998,
    "pct3ResTime" : 8470.0,
    "throughput" : 0.7103281716152863,
    "receivedKBytesPerSec" : 339.3086453597812,
    "sentKBytesPerSec" : 0.4169015929109248
  },
  "https://opensource-demo.orangehrmlive.com/index.php/time/viewMyTimesheet" : {
    "transaction" : "https://opensource-demo.orangehrmlive.com/index.php/time/viewMyTimesheet",
    "sampleCount" : 6,
    "errorCount" : 0,
    "errorPct" : 0.0,
    "meanResTime" : 830.3333333333334,
    "medianResTime" : 805.0,
    "minResTime" : 770.0,
    "maxResTime" : 969.0,
    "pct1ResTime" : 969.0,
    "pct2ResTime" : 969.0,
    "pct3ResTime" : 969.0,
    "throughput" : 0.2880184331797235,
    "receivedKBytesPerSec" : 3.071305938580069,
    "sentKBytesPerSec" : 1.308740009360599
  },
  "Login-0" : {
    "transaction" : "Login-0",
    "sampleCount" : 30,
    "errorCount" : 0,
    "errorPct" : 0.0,
    "meanResTime" : 175.9333333333333,
    "medianResTime" : 173.0,
    "minResTime" : 163.0,
    "maxResTime" : 217.0,
    "pct1ResTime" : 191.60000000000002,
    "pct2ResTime" : 203.79999999999998,
    "pct3ResTime" : 217.0,
    "throughput" : 1.1211600269078408,
    "receivedKBytesPerSec" : 1.1540065120711562,
    "sentKBytesPerSec" : 0.785030995403244
  },
  "Login-1" : {
    "transaction" : "Login-1",
    "sampleCount" : 30,
    "errorCount" : 0,
    "errorPct" : 0.0,
    "meanResTime" : 350.3,
    "medianResTime" : 337.0,
    "minResTime" : 317.0,
    "maxResTime" : 508.0,
    "pct1ResTime" : 384.6,
    "pct2ResTime" : 452.99999999999994,
    "pct3ResTime" : 508.0,
    "throughput" : 1.1137924633376648,
    "receivedKBytesPerSec" : 4.693917358919622,
    "sentKBytesPerSec" : 0.6961202895860406
  },
  "Login-2" : {
    "transaction" : "Login-2",
    "sampleCount" : 30,
    "errorCount" : 0,
    "errorPct" : 0.0,
    "meanResTime" : 171.30000000000004,
    "medianResTime" : 170.0,
    "minResTime" : 158.0,
    "maxResTime" : 194.0,
    "pct1ResTime" : 182.0,
    "pct2ResTime" : 188.5,
    "pct3ResTime" : 194.0,
    "throughput" : 1.1218727796267902,
    "receivedKBytesPerSec" : 1.085718676377099,
    "sentKBytesPerSec" : 0.8063460603567556
  },
  "Login-3" : {
    "transaction" : "Login-3",
    "sampleCount" : 30,
    "errorCount" : 0,
    "errorPct" : 0.0,
    "meanResTime" : 171.2666666666666,
    "medianResTime" : 170.0,
    "minResTime" : 162.0,
    "maxResTime" : 191.0,
    "pct1ResTime" : 184.5,
    "pct2ResTime" : 189.35,
    "pct3ResTime" : 191.0,
    "throughput" : 1.1219147344801794,
    "receivedKBytesPerSec" : 1.0879505188855647,
    "sentKBytesPerSec" : 0.8195236537023187
  },
  "EmployeeList" : {
    "transaction" : "EmployeeList",
    "sampleCount" : 30,
    "errorCount" : 0,
    "errorPct" : 0.0,
    "meanResTime" : 166.06666666666666,
    "medianResTime" : 0.0,
    "minResTime" : 0.0,
    "maxResTime" : 969.0,
    "pct1ResTime" : 813.0,
    "pct2ResTime" : 910.1499999999999,
    "pct3ResTime" : 969.0,
    "throughput" : 1.1280740016545086,
    "receivedKBytesPerSec" : 2.4058601681770324,
    "sentKBytesPerSec" : 1.025181314394224
  },
  "Login-4" : {
    "transaction" : "Login-4",
    "sampleCount" : 30,
    "errorCount" : 0,
    "errorPct" : 0.0,
    "meanResTime" : 173.0333333333334,
    "medianResTime" : 171.0,
    "minResTime" : 158.0,
    "maxResTime" : 213.0,
    "pct1ResTime" : 187.8,
    "pct2ResTime" : 206.95,
    "pct3ResTime" : 213.0,
    "throughput" : 1.1212857409829937,
    "receivedKBytesPerSec" : 1.087340567183704,
    "sentKBytesPerSec" : 0.8081141375443842
  },
  "Login-5" : {
    "transaction" : "Login-5",
    "sampleCount" : 30,
    "errorCount" : 0,
    "errorPct" : 0.0,
    "meanResTime" : 171.36666666666667,
    "medianResTime" : 169.0,
    "minResTime" : 160.0,
    "maxResTime" : 197.0,
    "pct1ResTime" : 183.60000000000002,
    "pct2ResTime" : 193.7,
    "pct3ResTime" : 197.0,
    "throughput" : 1.122334455667789,
    "receivedKBytesPerSec" : 1.0894535634118967,
    "sentKBytesPerSec" : 0.8187342171717171
  },
  "Login-6" : {
    "transaction" : "Login-6",
    "sampleCount" : 30,
    "errorCount" : 0,
    "errorPct" : 0.0,
    "meanResTime" : 171.53333333333336,
    "medianResTime" : 170.5,
    "minResTime" : 158.0,
    "maxResTime" : 197.0,
    "pct1ResTime" : 181.0,
    "pct2ResTime" : 188.75,
    "pct3ResTime" : 197.0,
    "throughput" : 1.1207830537602272,
    "receivedKBytesPerSec" : 1.0879476127320955,
    "sentKBytesPerSec" : 0.806657334591101
  },
  "Logout" : {
    "transaction" : "Logout",
    "sampleCount" : 6,
    "errorCount" : 0,
    "errorPct" : 0.0,
    "meanResTime" : 804.3333333333333,
    "medianResTime" : 798.0,
    "minResTime" : 792.0,
    "maxResTime" : 841.0,
    "pct1ResTime" : 841.0,
    "pct2ResTime" : 841.0,
    "pct3ResTime" : 841.0,
    "throughput" : 0.2877421830040284,
    "receivedKBytesPerSec" : 3.0688284547045845,
    "sentKBytesPerSec" : 0.9607329332917706
  },
  "Home" : {
    "transaction" : "Home",
    "sampleCount" : 32,
    "errorCount" : 0,
    "errorPct" : 0.0,
    "meanResTime" : 8257.156249999998,
    "medianResTime" : 8010.0,
    "minResTime" : 3033.0,
    "maxResTime" : 14119.0,
    "pct1ResTime" : 13698.9,
    "pct2ResTime" : 14022.8,
    "pct3ResTime" : 14119.0,
    "throughput" : 0.7725922885632198,
    "receivedKBytesPerSec" : 2745.650230910029,
    "sentKBytesPerSec" : 3.074524976460079
  },
  "HTTP Request-6" : {
    "transaction" : "HTTP Request-6",
    "sampleCount" : 6,
    "errorCount" : 0,
    "errorPct" : 0.0,
    "meanResTime" : 170.66666666666666,
    "medianResTime" : 167.5,
    "minResTime" : 161.0,
    "maxResTime" : 183.0,
    "pct1ResTime" : 183.0,
    "pct2ResTime" : 183.0,
    "pct3ResTime" : 183.0,
    "throughput" : 0.2964426877470356,
    "receivedKBytesPerSec" : 0.28775784337944665,
    "sentKBytesPerSec" : 0.14851083868577075
  },
  "HTTP Request-3" : {
    "transaction" : "HTTP Request-3",
    "sampleCount" : 6,
    "errorCount" : 0,
    "errorPct" : 0.0,
    "meanResTime" : 170.83333333333334,
    "medianResTime" : 165.0,
    "minResTime" : 158.0,
    "maxResTime" : 197.0,
    "pct1ResTime" : 197.0,
    "pct2ResTime" : 197.0,
    "pct3ResTime" : 197.0,
    "throughput" : 0.2964719833975689,
    "receivedKBytesPerSec" : 0.2874967573376816,
    "sentKBytesPerSec" : 0.15171027275422472
  },
  "https://opensource-demo.orangehrmlive.com/index.php/time/viewMyTimesheet-6" : {
    "transaction" : "https://opensource-demo.orangehrmlive.com/index.php/time/viewMyTimesheet-6",
    "sampleCount" : 6,
    "errorCount" : 0,
    "errorPct" : 0.0,
    "meanResTime" : 179.83333333333334,
    "medianResTime" : 179.0,
    "minResTime" : 161.0,
    "maxResTime" : 202.0,
    "pct1ResTime" : 202.0,
    "pct2ResTime" : 202.0,
    "pct3ResTime" : 202.0,
    "throughput" : 0.29691211401425177,
    "receivedKBytesPerSec" : 0.2882135169239905,
    "sentKBytesPerSec" : 0.19948782660332542
  },
  "HTTP Request-2" : {
    "transaction" : "HTTP Request-2",
    "sampleCount" : 6,
    "errorCount" : 0,
    "errorPct" : 0.0,
    "meanResTime" : 169.33333333333331,
    "medianResTime" : 168.5,
    "minResTime" : 159.0,
    "maxResTime" : 178.0,
    "pct1ResTime" : 178.0,
    "pct2ResTime" : 178.0,
    "pct3ResTime" : 178.0,
    "throughput" : 0.2963548355230663,
    "receivedKBytesPerSec" : 0.28680433789390497,
    "sentKBytesPerSec" : 0.14817741776153315
  },
  "HTTP Request-5" : {
    "transaction" : "HTTP Request-5",
    "sampleCount" : 6,
    "errorCount" : 0,
    "errorPct" : 0.0,
    "meanResTime" : 173.5,
    "medianResTime" : 169.0,
    "minResTime" : 159.0,
    "maxResTime" : 192.0,
    "pct1ResTime" : 192.0,
    "pct2ResTime" : 192.0,
    "pct3ResTime" : 192.0,
    "throughput" : 0.2964133978855844,
    "receivedKBytesPerSec" : 0.2877294116194052,
    "sentKBytesPerSec" : 0.15139082724039127
  },
  "HTTP Request-4" : {
    "transaction" : "HTTP Request-4",
    "sampleCount" : 6,
    "errorCount" : 0,
    "errorPct" : 0.0,
    "meanResTime" : 167.83333333333334,
    "medianResTime" : 168.0,
    "minResTime" : 161.0,
    "maxResTime" : 176.0,
    "pct1ResTime" : 176.0,
    "pct2ResTime" : 176.0,
    "pct3ResTime" : 176.0,
    "throughput" : 0.29645733484855974,
    "receivedKBytesPerSec" : 0.28748255225060526,
    "sentKBytesPerSec" : 0.14880768565640595
  },
  "HTTP Request-1" : {
    "transaction" : "HTTP Request-1",
    "sampleCount" : 6,
    "errorCount" : 0,
    "errorPct" : 0.0,
    "meanResTime" : 346.0,
    "medianResTime" : 348.5,
    "minResTime" : 322.0,
    "maxResTime" : 360.0,
    "pct1ResTime" : 360.0,
    "pct2ResTime" : 360.0,
    "pct3ResTime" : 360.0,
    "throughput" : 0.29395913967958454,
    "receivedKBytesPerSec" : 1.239039687545931,
    "sentKBytesPerSec" : 0.11942090049483121
  },
  "HTTP Request-0" : {
    "transaction" : "HTTP Request-0",
    "sampleCount" : 6,
    "errorCount" : 0,
    "errorPct" : 0.0,
    "meanResTime" : 273.8333333333333,
    "medianResTime" : 271.0,
    "minResTime" : 257.0,
    "maxResTime" : 303.0,
    "pct1ResTime" : 303.0,
    "pct2ResTime" : 303.0,
    "pct3ResTime" : 303.0,
    "throughput" : 0.29531919082541713,
    "receivedKBytesPerSec" : 0.4729721415563321,
    "sentKBytesPerSec" : 0.12026181892011616
  },
  "https://opensource-demo.orangehrmlive.com/index.php/time/viewMyTimesheet-1" : {
    "transaction" : "https://opensource-demo.orangehrmlive.com/index.php/time/viewMyTimesheet-1",
    "sampleCount" : 6,
    "errorCount" : 0,
    "errorPct" : 0.0,
    "meanResTime" : 356.16666666666663,
    "medianResTime" : 337.5,
    "minResTime" : 316.0,
    "maxResTime" : 457.0,
    "pct1ResTime" : 457.0,
    "pct2ResTime" : 457.0,
    "pct3ResTime" : 457.0,
    "throughput" : 0.2947099562846898,
    "receivedKBytesPerSec" : 1.2417247132717717,
    "sentKBytesPerSec" : 0.17009139078540203
  },
  "Login" : {
    "transaction" : "Login",
    "sampleCount" : 62,
    "errorCount" : 0,
    "errorPct" : 0.0,
    "meanResTime" : 687.0967741935484,
    "medianResTime" : 696.0,
    "minResTime" : 0.0,
    "maxResTime" : 877.0,
    "pct1ResTime" : 773.6000000000001,
    "pct2ResTime" : 812.0,
    "pct3ResTime" : 877.0,
    "throughput" : 1.637396012148422,
    "receivedKBytesPerSec" : 15.992000775782383,
    "sentKBytesPerSec" : 7.834679948501254
  },
  "https://opensource-demo.orangehrmlive.com/index.php/time/viewMyTimesheet-0" : {
    "transaction" : "https://opensource-demo.orangehrmlive.com/index.php/time/viewMyTimesheet-0",
    "sampleCount" : 6,
    "errorCount" : 0,
    "errorPct" : 0.0,
    "meanResTime" : 277.83333333333337,
    "medianResTime" : 270.0,
    "minResTime" : 259.0,
    "maxResTime" : 308.0,
    "pct1ResTime" : 308.0,
    "pct2ResTime" : 308.0,
    "pct3ResTime" : 308.0,
    "throughput" : 0.29609159099881566,
    "receivedKBytesPerSec" : 0.47420918870904066,
    "sentKBytesPerSec" : 0.17378031854520332
  },
  "https://opensource-demo.orangehrmlive.com/index.php/time/viewMyTimesheet-3" : {
    "transaction" : "https://opensource-demo.orangehrmlive.com/index.php/time/viewMyTimesheet-3",
    "sampleCount" : 6,
    "errorCount" : 0,
    "errorPct" : 0.0,
    "meanResTime" : 176.33333333333334,
    "medianResTime" : 176.0,
    "minResTime" : 162.0,
    "maxResTime" : 199.0,
    "pct1ResTime" : 199.0,
    "pct2ResTime" : 199.0,
    "pct3ResTime" : 199.0,
    "throughput" : 0.29670655721491446,
    "receivedKBytesPerSec" : 0.28772422979922857,
    "sentKBytesPerSec" : 0.20253699559885271
  },
  "https://opensource-demo.orangehrmlive.com/index.php/time/viewMyTimesheet-2" : {
    "transaction" : "https://opensource-demo.orangehrmlive.com/index.php/time/viewMyTimesheet-2",
    "sampleCount" : 6,
    "errorCount" : 0,
    "errorPct" : 0.0,
    "meanResTime" : 170.66666666666666,
    "medianResTime" : 171.0,
    "minResTime" : 167.0,
    "maxResTime" : 174.0,
    "pct1ResTime" : 174.0,
    "pct2ResTime" : 174.0,
    "pct3ResTime" : 174.0,
    "throughput" : 0.29708853238265004,
    "receivedKBytesPerSec" : 0.2875143902257873,
    "sentKBytesPerSec" : 0.19931623217468805
  },
  "https://opensource-demo.orangehrmlive.com/index.php/time/viewMyTimesheet-5" : {
    "transaction" : "https://opensource-demo.orangehrmlive.com/index.php/time/viewMyTimesheet-5",
    "sampleCount" : 6,
    "errorCount" : 0,
    "errorPct" : 0.0,
    "meanResTime" : 185.0,
    "medianResTime" : 179.5,
    "minResTime" : 164.0,
    "maxResTime" : 211.0,
    "pct1ResTime" : 211.0,
    "pct2ResTime" : 211.0,
    "pct3ResTime" : 211.0,
    "throughput" : 0.29653059207274884,
    "receivedKBytesPerSec" : 0.2878431723831175,
    "sentKBytesPerSec" : 0.20212729811208854
  },
  "https://opensource-demo.orangehrmlive.com/index.php/time/viewMyTimesheet-4" : {
    "transaction" : "https://opensource-demo.orangehrmlive.com/index.php/time/viewMyTimesheet-4",
    "sampleCount" : 6,
    "errorCount" : 0,
    "errorPct" : 0.0,
    "meanResTime" : 177.33333333333334,
    "medianResTime" : 173.0,
    "minResTime" : 164.0,
    "maxResTime" : 199.0,
    "pct1ResTime" : 199.0,
    "pct2ResTime" : 199.0,
    "pct3ResTime" : 199.0,
    "throughput" : 0.29670655721491446,
    "receivedKBytesPerSec" : 0.28772422979922857,
    "sentKBytesPerSec" : 0.19963947062605084
  },
  "Debug Sampler" : {
    "transaction" : "Debug Sampler",
    "sampleCount" : 32,
    "errorCount" : 0,
    "errorPct" : 0.0,
    "meanResTime" : 0.25,
    "medianResTime" : 0.0,
    "minResTime" : 0.0,
    "maxResTime" : 1.0,
    "pct1ResTime" : 1.0,
    "pct2ResTime" : 1.0,
    "pct3ResTime" : 1.0,
    "throughput" : 0.8451076191733792,
    "receivedKBytesPerSec" : 0.3462135217219068,
    "sentKBytesPerSec" : 0.0
  },
  "Total" : {
    "transaction" : "Total",
    "sampleCount" : 648,
    "errorCount" : 0,
    "errorPct" : 0.0,
    "meanResTime" : 1580.814814814814,
    "medianResTime" : 340.5,
    "minResTime" : 0.0,
    "maxResTime" : 14119.0,
    "pct1ResTime" : 5281.500000000004,
    "pct2ResTime" : 8171.349999999998,
    "pct3ResTime" : 12877.819999999998,
    "throughput" : 12.641435817401483,
    "receivedKBytesPerSec" : 4869.546871951815,
    "sentKBytesPerSec" : 13.067076850858369
  },
  "OrangeLive-1" : {
    "transaction" : "OrangeLive-1",
    "sampleCount" : 35,
    "errorCount" : 0,
    "errorPct" : 0.0,
    "meanResTime" : 352.6285714285715,
    "medianResTime" : 346.0,
    "minResTime" : 320.0,
    "maxResTime" : 502.0,
    "pct1ResTime" : 377.2,
    "pct2ResTime" : 404.39999999999947,
    "pct3ResTime" : 502.0,
    "throughput" : 0.7291210965981292,
    "receivedKBytesPerSec" : 3.1437447594421184,
    "sentKBytesPerSec" : 0.3837854209632731
  },
  "OrangeLive-2" : {
    "transaction" : "OrangeLive-2",
    "sampleCount" : 35,
    "errorCount" : 0,
    "errorPct" : 0.0,
    "meanResTime" : 592.1999999999997,
    "medianResTime" : 570.0,
    "minResTime" : 169.0,
    "maxResTime" : 1347.0,
    "pct1ResTime" : 754.4,
    "pct2ResTime" : 1343.0,
    "pct3ResTime" : 1347.0,
    "throughput" : 0.7316971192039136,
    "receivedKBytesPerSec" : 1.1961532983860852,
    "sentKBytesPerSec" : 0.42944332875151564
  },
  "HTTP Request" : {
    "transaction" : "HTTP Request",
    "sampleCount" : 6,
    "errorCount" : 0,
    "errorPct" : 0.0,
    "meanResTime" : 804.3333333333333,
    "medianResTime" : 798.0,
    "minResTime" : 792.0,
    "maxResTime" : 841.0,
    "pct1ResTime" : 841.0,
    "pct2ResTime" : 841.0,
    "pct3ResTime" : 841.0,
    "throughput" : 0.2877421830040284,
    "receivedKBytesPerSec" : 3.0688284547045845,
    "sentKBytesPerSec" : 0.9607329332917706
  },
  "OrangeLive-0" : {
    "transaction" : "OrangeLive-0",
    "sampleCount" : 35,
    "errorCount" : 0,
    "errorPct" : 0.0,
    "meanResTime" : 773.8000000000001,
    "medianResTime" : 728.0,
    "minResTime" : 660.0,
    "maxResTime" : 1892.0,
    "pct1ResTime" : 841.4,
    "pct2ResTime" : 1232.7999999999965,
    "pct3ResTime" : 1892.0,
    "throughput" : 0.7248327707250399,
    "receivedKBytesPerSec" : 0.746068105804875,
    "sentKBytesPerSec" : 0.36453991887050347
  }
}